{"name":"jonloyens_inside-airbnb-austin","title":"Inside AirBNB Austin","description":"AirBNB Listing Data in Austin\n\nFull Disclosure: I used to work at HomeAway so we were interested in this data. I felt like this might be interesting to people on data.world as well.  Let me know if you'd like to collaborate more on this dataset.  Source here: [http://insideairbnb.com/get-the-data.html](http://insideairbnb.com/get-the-data.html)","homepage":"https://data.world/jonloyens/inside-airbnb-austin","license":"CC-0","resources":[{"name":"calendar","schema":{"fields":[{"name":"listing_id","title":"listing_id","type":"integer","rdfType":"http://www.w3.org/2001/XMLSchema#integer","dwSourceId":"listing_id"},{"name":"date","title":"date","type":"date","rdfType":"http://www.w3.org/2001/XMLSchema#date","dwSourceId":"date"},{"name":"available","title":"available","type":"boolean","rdfType":"http://www.w3.org/2001/XMLSchema#boolean","dwSourceId":"available"},{"name":"price","title":"price","type":"number","rdfType":"http://www.w3.org/2001/XMLSchema#decimal","dwSourceId":"price"}]},"path":"data/calendar.csv","format":"csv"},{"name":"listings","schema":{"fields":[{"name":"id","title":"id","type":"integer","rdfType":"http://www.w3.org/2001/XMLSchema#integer","dwSourceId":"id"},{"name":"listing_url","title":"listing_url","type":"string","rdfType":"http://www.w3.org/2001/XMLSchema#anyURI","dwSourceId":"listing_url"},{"name":"scrape_id","title":"scrape_id","type":"integer","rdfType":"http://www.w3.org/2001/XMLSchema#integer","dwSourceId":"scrape_id"},{"name":"last_scraped","title":"last_scraped","type":"date","rdfType":"http://www.w3.org/2001/XMLSchema#date","dwSourceId":"last_scraped"},{"name":"name","title":"name","type":"string","rdfType":"http://www.w3.org/2001/XMLSchema#string","dwSourceId":"name"},{"name":"summary","title":"summary","type":"string","rdfType":"http://www.w3.org/2001/XMLSchema#string","dwSourceId":"summary"},{"name":"space","title":"space","type":"string","rdfType":"http://www.w3.org/2001/XMLSchema#string","dwSourceId":"space"},{"name":"description","title":"description","type":"string","rdfType":"http://www.w3.org/2001/XMLSchema#string","dwSourceId":"description"},{"name":"experiences_offered","title":"experiences_offered","type":"string","rdfType":"http://www.w3.org/2001/XMLSchema#string","dwSourceId":"experiences_offered"},{"name":"neighborhood_overview","title":"neighborhood_overview","type":"string","rdfType":"http://www.w3.org/2001/XMLSchema#string","dwSourceId":"neighborhood_overview"},{"name":"notes","title":"notes","type":"string","rdfType":"http://www.w3.org/2001/XMLSchema#string","dwSourceId":"notes"},{"name":"transit","title":"transit","type":"string","rdfType":"http://www.w3.org/2001/XMLSchema#string","dwSourceId":"transit"},{"name":"thumbnail_url","title":"thumbnail_url","type":"string","rdfType":"http://www.w3.org/2001/XMLSchema#anyURI","dwSourceId":"thumbnail_url"},{"name":"medium_url","title":"medium_url","type":"string","rdfType":"http://www.w3.org/2001/XMLSchema#anyURI","dwSourceId":"medium_url"},{"name":"picture_url","title":"picture_url","type":"string","rdfType":"http://www.w3.org/2001/XMLSchema#anyURI","dwSourceId":"picture_url"},{"name":"xl_picture_url","title":"xl_picture_url","type":"string","rdfType":"http://www.w3.org/2001/XMLSchema#anyURI","dwSourceId":"xl_picture_url"},{"name":"host_id","title":"host_id","type":"integer","rdfType":"http://www.w3.org/2001/XMLSchema#integer","dwSourceId":"host_id"},{"name":"host_url","title":"host_url","type":"string","rdfType":"http://www.w3.org/2001/XMLSchema#anyURI","dwSourceId":"host_url"},{"name":"host_name","title":"host_name","type":"string","rdfType":"http://www.w3.org/2001/XMLSchema#string","dwSourceId":"host_name"},{"name":"host_since","title":"host_since","type":"date","rdfType":"http://www.w3.org/2001/XMLSchema#date","dwSourceId":"host_since"},{"name":"host_location","title":"host_location","type":"string","rdfType":"http://www.w3.org/2001/XMLSchema#string","dwSourceId":"host_location"},{"name":"host_about","title":"host_about","type":"string","rdfType":"http://www.w3.org/2001/XMLSchema#string","dwSourceId":"host_about"},{"name":"host_response_time","title":"host_response_time","type":"string","rdfType":"http://www.w3.org/2001/XMLSchema#string","dwSourceId":"host_response_time"},{"name":"host_response_rate","title":"host_response_rate","type":"number","rdfType":"http://www.w3.org/2001/XMLSchema#decimal","dwSourceId":"host_response_rate"},{"name":"host_acceptance_rate","title":"host_acceptance_rate","type":"number","rdfType":"http://www.w3.org/2001/XMLSchema#decimal","dwSourceId":"host_acceptance_rate"},{"name":"host_is_superhost","title":"host_is_superhost","type":"boolean","rdfType":"http://www.w3.org/2001/XMLSchema#boolean","dwSourceId":"host_is_superhost"},{"name":"host_thumbnail_url","title":"host_thumbnail_url","type":"string","rdfType":"http://www.w3.org/2001/XMLSchema#anyURI","dwSourceId":"host_thumbnail_url"},{"name":"host_picture_url","title":"host_picture_url","type":"string","rdfType":"http://www.w3.org/2001/XMLSchema#anyURI","dwSourceId":"host_picture_url"},{"name":"host_neighbourhood","title":"host_neighbourhood","type":"string","rdfType":"http://www.w3.org/2001/XMLSchema#string","dwSourceId":"host_neighbourhood"},{"name":"host_listings_count","title":"host_listings_count","type":"integer","rdfType":"http://www.w3.org/2001/XMLSchema#integer","dwSourceId":"host_listings_count"},{"name":"host_total_listings_count","title":"host_total_listings_count","type":"integer","rdfType":"http://www.w3.org/2001/XMLSchema#integer","dwSourceId":"host_total_listings_count"},{"name":"host_verifications","title":"host_verifications","type":"string","rdfType":"http://www.w3.org/2001/XMLSchema#string","dwSourceId":"host_verifications"},{"name":"host_has_profile_pic","title":"host_has_profile_pic","type":"boolean","rdfType":"http://www.w3.org/2001/XMLSchema#boolean","dwSourceId":"host_has_profile_pic"},{"name":"host_identity_verified","title":"host_identity_verified","type":"boolean","rdfType":"http://www.w3.org/2001/XMLSchema#boolean","dwSourceId":"host_identity_verified"},{"name":"street","title":"street","type":"string","rdfType":"http://www.w3.org/2001/XMLSchema#string","dwSourceId":"street"},{"name":"neighbourhood","title":"neighbourhood","type":"string","rdfType":"http://www.w3.org/2001/XMLSchema#string","dwSourceId":"neighbourhood"},{"name":"neighbourhood_cleansed","title":"neighbourhood_cleansed","type":"integer","rdfType":"http://www.w3.org/2001/XMLSchema#integer","dwSourceId":"neighbourhood_cleansed"},{"name":"neighbourhood_group_cleansed","title":"neighbourhood_group_cleansed","type":"string","rdfType":"http://www.w3.org/2001/XMLSchema#string","dwSourceId":"neighbourhood_group_cleansed"},{"name":"city","title":"city","type":"string","rdfType":"http://www.w3.org/2001/XMLSchema#string","dwSourceId":"city"},{"name":"state","title":"state","type":"string","rdfType":"http://www.w3.org/2001/XMLSchema#string","dwSourceId":"state"},{"name":"zipcode","title":"zipcode","type":"integer","rdfType":"http://www.w3.org/2001/XMLSchema#integer","dwSourceId":"zipcode"},{"name":"market","title":"market","type":"string","rdfType":"http://www.w3.org/2001/XMLSchema#string","dwSourceId":"market"},{"name":"smart_location","title":"smart_location","type":"string","rdfType":"http://www.w3.org/2001/XMLSchema#string","dwSourceId":"smart_location"},{"name":"country_code","title":"country_code","type":"string","rdfType":"http://www.w3.org/2001/XMLSchema#string","dwSourceId":"country_code"},{"name":"country","title":"country","type":"string","rdfType":"http://www.w3.org/2001/XMLSchema#string","dwSourceId":"country"},{"name":"latitude","title":"latitude","type":"number","rdfType":"http://www.w3.org/2001/XMLSchema#decimal","dwSourceId":"latitude"},{"name":"longitude","title":"longitude","type":"number","rdfType":"http://www.w3.org/2001/XMLSchema#decimal","dwSourceId":"longitude"},{"name":"is_location_exact","title":"is_location_exact","type":"boolean","rdfType":"http://www.w3.org/2001/XMLSchema#boolean","dwSourceId":"is_location_exact"},{"name":"property_type","title":"property_type","type":"string","rdfType":"http://www.w3.org/2001/XMLSchema#string","dwSourceId":"property_type"},{"name":"room_type","title":"room_type","type":"string","rdfType":"http://www.w3.org/2001/XMLSchema#string","dwSourceId":"room_type"},{"name":"accommodates","title":"accommodates","type":"integer","rdfType":"http://www.w3.org/2001/XMLSchema#integer","dwSourceId":"accommodates"},{"name":"bathrooms","title":"bathrooms","type":"number","rdfType":"http://www.w3.org/2001/XMLSchema#decimal","dwSourceId":"bathrooms"},{"name":"bedrooms","title":"bedrooms","type":"integer","rdfType":"http://www.w3.org/2001/XMLSchema#integer","dwSourceId":"bedrooms"},{"name":"beds","title":"beds","type":"integer","rdfType":"http://www.w3.org/2001/XMLSchema#integer","dwSourceId":"beds"},{"name":"bed_type","title":"bed_type","type":"string","rdfType":"http://www.w3.org/2001/XMLSchema#string","dwSourceId":"bed_type"},{"name":"amenities","title":"amenities","type":"string","rdfType":"http://www.w3.org/2001/XMLSchema#string","dwSourceId":"amenities"},{"name":"square_feet","title":"square_feet","type":"integer","rdfType":"http://www.w3.org/2001/XMLSchema#integer","dwSourceId":"square_feet"},{"name":"price","title":"price","type":"number","rdfType":"http://www.w3.org/2001/XMLSchema#decimal","dwSourceId":"price"},{"name":"weekly_price","title":"weekly_price","type":"number","rdfType":"http://www.w3.org/2001/XMLSchema#decimal","dwSourceId":"weekly_price"},{"name":"monthly_price","title":"monthly_price","type":"number","rdfType":"http://www.w3.org/2001/XMLSchema#decimal","dwSourceId":"monthly_price"},{"name":"security_deposit","title":"security_deposit","type":"number","rdfType":"http://www.w3.org/2001/XMLSchema#decimal","dwSourceId":"security_deposit"},{"name":"cleaning_fee","title":"cleaning_fee","type":"number","rdfType":"http://www.w3.org/2001/XMLSchema#decimal","dwSourceId":"cleaning_fee"},{"name":"guests_included","title":"guests_included","type":"integer","rdfType":"http://www.w3.org/2001/XMLSchema#integer","dwSourceId":"guests_included"},{"name":"extra_people","title":"extra_people","type":"number","rdfType":"http://www.w3.org/2001/XMLSchema#decimal","dwSourceId":"extra_people"},{"name":"minimum_nights","title":"minimum_nights","type":"integer","rdfType":"http://www.w3.org/2001/XMLSchema#integer","dwSourceId":"minimum_nights"},{"name":"maximum_nights","title":"maximum_nights","type":"integer","rdfType":"http://www.w3.org/2001/XMLSchema#integer","dwSourceId":"maximum_nights"},{"name":"calendar_updated","title":"calendar_updated","type":"string","rdfType":"http://www.w3.org/2001/XMLSchema#string","dwSourceId":"calendar_updated"},{"name":"has_availability","title":"has_availability","type":"boolean","rdfType":"http://www.w3.org/2001/XMLSchema#boolean","dwSourceId":"has_availability"},{"name":"availability_30","title":"availability_30","type":"integer","rdfType":"http://www.w3.org/2001/XMLSchema#integer","dwSourceId":"availability_30"},{"name":"availability_60","title":"availability_60","type":"integer","rdfType":"http://www.w3.org/2001/XMLSchema#integer","dwSourceId":"availability_60"},{"name":"availability_90","title":"availability_90","type":"integer","rdfType":"http://www.w3.org/2001/XMLSchema#integer","dwSourceId":"availability_90"},{"name":"availability_365","title":"availability_365","type":"integer","rdfType":"http://www.w3.org/2001/XMLSchema#integer","dwSourceId":"availability_365"},{"name":"calendar_last_scraped","title":"calendar_last_scraped","type":"date","rdfType":"http://www.w3.org/2001/XMLSchema#date","dwSourceId":"calendar_last_scraped"},{"name":"number_of_reviews","title":"number_of_reviews","type":"integer","rdfType":"http://www.w3.org/2001/XMLSchema#integer","dwSourceId":"number_of_reviews"},{"name":"first_review","title":"first_review","type":"date","rdfType":"http://www.w3.org/2001/XMLSchema#date","dwSourceId":"first_review"},{"name":"last_review","title":"last_review","type":"date","rdfType":"http://www.w3.org/2001/XMLSchema#date","dwSourceId":"last_review"},{"name":"review_scores_rating","title":"review_scores_rating","type":"integer","rdfType":"http://www.w3.org/2001/XMLSchema#integer","dwSourceId":"review_scores_rating"},{"name":"review_scores_accuracy","title":"review_scores_accuracy","type":"integer","rdfType":"http://www.w3.org/2001/XMLSchema#integer","dwSourceId":"review_scores_accuracy"},{"name":"review_scores_cleanliness","title":"review_scores_cleanliness","type":"integer","rdfType":"http://www.w3.org/2001/XMLSchema#integer","dwSourceId":"review_scores_cleanliness"},{"name":"review_scores_checkin","title":"review_scores_checkin","type":"integer","rdfType":"http://www.w3.org/2001/XMLSchema#integer","dwSourceId":"review_scores_checkin"},{"name":"review_scores_communication","title":"review_scores_communication","type":"integer","rdfType":"http://www.w3.org/2001/XMLSchema#integer","dwSourceId":"review_scores_communication"},{"name":"review_scores_location","title":"review_scores_location","type":"integer","rdfType":"http://www.w3.org/2001/XMLSchema#integer","dwSourceId":"review_scores_location"},{"name":"review_scores_value","title":"review_scores_value","type":"integer","rdfType":"http://www.w3.org/2001/XMLSchema#integer","dwSourceId":"review_scores_value"},{"name":"requires_license","title":"requires_license","type":"boolean","rdfType":"http://www.w3.org/2001/XMLSchema#boolean","dwSourceId":"requires_license"},{"name":"license","title":"license","type":"integer","rdfType":"http://www.w3.org/2001/XMLSchema#integer","dwSourceId":"license"},{"name":"jurisdiction_names","title":"jurisdiction_names","type":"string","rdfType":"http://www.w3.org/2001/XMLSchema#string","dwSourceId":"jurisdiction_names"},{"name":"instant_bookable","title":"instant_bookable","type":"boolean","rdfType":"http://www.w3.org/2001/XMLSchema#boolean","dwSourceId":"instant_bookable"},{"name":"cancellation_policy","title":"cancellation_policy","type":"string","rdfType":"http://www.w3.org/2001/XMLSchema#string","dwSourceId":"cancellation_policy"},{"name":"require_guest_profile_picture","title":"require_guest_profile_picture","type":"boolean","rdfType":"http://www.w3.org/2001/XMLSchema#boolean","dwSourceId":"require_guest_profile_picture"},{"name":"require_guest_phone_verification","title":"require_guest_phone_verification","type":"boolean","rdfType":"http://www.w3.org/2001/XMLSchema#boolean","dwSourceId":"require_guest_phone_verification"},{"name":"calculated_host_listings_count","title":"calculated_host_listings_count","type":"integer","rdfType":"http://www.w3.org/2001/XMLSchema#integer","dwSourceId":"calculated_host_listings_count"},{"name":"reviews_per_month","title":"reviews_per_month","type":"number","rdfType":"http://www.w3.org/2001/XMLSchema#decimal","dwSourceId":"reviews_per_month"},{"name":"location","title":" Location","type":"string","rdfType":"http://www.opengis.net/ont/OGC-GeoSPARQL/1.0/Point","dwSourceId":"location"}]},"path":"data/listings.csv","format":"csv"},{"name":"listings_summary","schema":{"fields":[{"name":"id","title":"id","type":"integer","rdfType":"http://www.w3.org/2001/XMLSchema#integer","dwSourceId":"id"},{"name":"name","title":"name","type":"string","rdfType":"http://www.w3.org/2001/XMLSchema#string","dwSourceId":"name"},{"name":"host_id","title":"host_id","type":"integer","rdfType":"http://www.w3.org/2001/XMLSchema#integer","dwSourceId":"host_id"},{"name":"host_name","title":"host_name","type":"string","rdfType":"http://www.w3.org/2001/XMLSchema#string","dwSourceId":"host_name"},{"name":"neighbourhood_group","title":"neighbourhood_group","type":"string","rdfType":"http://www.w3.org/2001/XMLSchema#string","dwSourceId":"neighbourhood_group"},{"name":"neighbourhood","title":"neighbourhood","type":"integer","rdfType":"http://www.w3.org/2001/XMLSchema#integer","dwSourceId":"neighbourhood"},{"name":"latitude","title":"latitude","type":"number","rdfType":"http://www.w3.org/2001/XMLSchema#decimal","dwSourceId":"latitude"},{"name":"longitude","title":"longitude","type":"number","rdfType":"http://www.w3.org/2001/XMLSchema#decimal","dwSourceId":"longitude"},{"name":"room_type","title":"room_type","type":"string","rdfType":"http://www.w3.org/2001/XMLSchema#string","dwSourceId":"room_type"},{"name":"price","title":"price","type":"integer","rdfType":"http://www.w3.org/2001/XMLSchema#integer","dwSourceId":"price"},{"name":"minimum_nights","title":"minimum_nights","type":"integer","rdfType":"http://www.w3.org/2001/XMLSchema#integer","dwSourceId":"minimum_nights"},{"name":"number_of_reviews","title":"number_of_reviews","type":"integer","rdfType":"http://www.w3.org/2001/XMLSchema#integer","dwSourceId":"number_of_reviews"},{"name":"last_review","title":"last_review","type":"date","rdfType":"http://www.w3.org/2001/XMLSchema#date","dwSourceId":"last_review"},{"name":"reviews_per_month","title":"reviews_per_month","type":"number","rdfType":"http://www.w3.org/2001/XMLSchema#decimal","dwSourceId":"reviews_per_month"},{"name":"calculated_host_listings_count","title":"calculated_host_listings_count","type":"integer","rdfType":"http://www.w3.org/2001/XMLSchema#integer","dwSourceId":"calculated_host_listings_count"},{"name":"availability_365","title":"availability_365","type":"integer","rdfType":"http://www.w3.org/2001/XMLSchema#integer","dwSourceId":"availability_365"},{"name":"location","title":" Location","type":"string","rdfType":"http://www.opengis.net/ont/OGC-GeoSPARQL/1.0/Point","dwSourceId":"location"}]},"path":"data/listings_summary.csv","format":"csv"},{"name":"neighbourhoods","schema":{"fields":[{"name":"neighbourhood","title":"neighbourhood","type":"integer","rdfType":"http://www.w3.org/2001/XMLSchema#integer","dwSourceId":"neighbourhood"}]},"path":"data/neighbourhoods.csv","format":"csv"},{"name":"neighbourhoods_2","schema":{"fields":[{"name":"location","title":"location","type":"string","rdfType":"http://www.w3.org/2001/XMLSchema#string","dwSourceId":"location"},{"name":"neighbourhood","title":"neighbourhood","type":"string","rdfType":"http://www.w3.org/2001/XMLSchema#string","dwSourceId":"neighbourhood"},{"name":"neighbourhood_group","title":"neighbourhood_group","type":"string","rdfType":"http://www.w3.org/2001/XMLSchema#string","dwSourceId":"neighbourhood_group"}]},"path":"data/neighbourhoods_2.csv","format":"csv"},{"name":"reviews","schema":{"fields":[{"name":"listing_id","title":"listing_id","type":"integer","rdfType":"http://www.w3.org/2001/XMLSchema#integer","dwSourceId":"listing_id"},{"name":"id","title":"id","type":"integer","rdfType":"http://www.w3.org/2001/XMLSchema#integer","dwSourceId":"id"},{"name":"date","title":"date","type":"date","rdfType":"http://www.w3.org/2001/XMLSchema#date","dwSourceId":"date"},{"name":"reviewer_id","title":"reviewer_id","type":"integer","rdfType":"http://www.w3.org/2001/XMLSchema#integer","dwSourceId":"reviewer_id"},{"name":"reviewer_name","title":"reviewer_name","type":"string","rdfType":"http://www.w3.org/2001/XMLSchema#string","dwSourceId":"reviewer_name"},{"name":"comments","title":"comments","type":"string","rdfType":"http://www.w3.org/2001/XMLSchema#string","dwSourceId":"comments"}]},"path":"data/reviews.csv","format":"csv"},{"name":"reviews_summary","schema":{"fields":[{"name":"listing_id","title":"listing_id","type":"integer","rdfType":"http://www.w3.org/2001/XMLSchema#integer","dwSourceId":"listing_id"},{"name":"date","title":"date","type":"date","rdfType":"http://www.w3.org/2001/XMLSchema#date","dwSourceId":"date"}]},"path":"data/reviews_summary.csv","format":"csv"},{"name":"original/calendar.csv","path":"original/calendar.csv","format":"csv","mediatype":"text/csv","bytes":57399664},{"name":"original/listings.csv","path":"original/listings.csv","format":"csv","mediatype":"text/csv","bytes":22331659},{"name":"original/listings_summary.csv","path":"original/listings_summary.csv","format":"csv","mediatype":"text/csv","bytes":808977},{"name":"original/neighbourhoods.csv","path":"original/neighbourhoods.csv","format":"csv","mediatype":"text/csv","bytes":342},{"name":"original/neighbourhoods.geojson","path":"original/neighbourhoods.geojson","format":"geojson","mediatype":"application/vnd.geo+json","bytes":402733},{"name":"original/reviews.csv","path":"original/reviews.csv","format":"csv","mediatype":"text/csv","bytes":25516779},{"name":"original/reviews_summary.csv","path":"original/reviews_summary.csv","format":"csv","mediatype":"text/csv","bytes":1165910}],"keywords":["airbnb","housing","affordability","austin","texas","tx"]}